venta_id,fecha,cliente_id,producto_id,cantidad,canal,descuento
1,2025-10-06,189,20,5,app,0.2
2,2026-03-09,148,18,9,online,0.0
3,2025-11-09,114,18,8,app,0.15
4,2025-12-01,78,2,2,online,0.2
5,2025-11-02,130,4,3,online,0.0
6,2026-01-30,201,30,2,online,0.05
7,2026-03-21,37,1,8,online,0.1
8,2025-10-30,20,4,6,online,0.2
9,2026-02-22,26,18,6,online,0.2
10,2025-11-25,29,5,9,tienda,0.15
11,2026-01-28,1,19,8,online,0.0
12,2026-03-29,119,15,4,online,0.1
13,2025-12-05,35,28,4,online,0.05
14,2026-01-03,198,8,9,app,0.05
15,2025-11-12,229,20,1,app,0.0
16,2026-03-05,245,17,2,tienda,0.0
17,2026-03-05,59,1,2,online,0.15
18,2025-10-30,69,12,6,online,0.05
19,2025-11-11,161,26,4,app,0.05
20,2025-12-19,241,19,10,online,0.05
21,2025-10-28,179,15,3,online,0.2
22,2026-02-26,206,9,3,online,0.15
23,2025-10-07,12,7,3,online,0.0
24,2025-12-19,234,2,6,online,0.0
25,2026-02-25,20,29,8,tienda,0.0
26,2026-03-23,181,9,7,online,0.2
27,2026-01-05,242,10,4,tienda,0.1
28,2026-01-10,216,2,4,online,0.1
29,2025-11-20,43,19,10,online,0.1
30,2025-10-20,126,11,2,app,0.05
31,2026-03-01,226,13,1,online,0.15
32,2026-03-26,217,10,9,app,0.1
33,2026-03-10,50,14,2,tienda,0.0
34,2025-12-02,29,18,8,online,0.0
35,2025-10-27,185,19,9,app,0.1
36,2026-03-28,39,22,4,online,0.2
37,2025-12-17,9059,9,8,app,0.05
38,2026-03-25,184,25,9,online,0.2
39,2026-03-03,239,7,10,app,0.15
40,2025-10-31,171,28,10,online,0.0
41,2026-02-22,178,3,5,tienda,0.0
42,2025-10-11,151,20,7,tienda,0.0
43,2025-12-28,172,6,10,app,0.15
44,2026-02-14,38,27,4,app,0.0
45,2026-01-18,84,21,1,app,0.05
46,2026-03-19,151,2,3,app,0.1
47,2026-01-03,128,29,5,online,0.15
48,2025-10-18,126,6,3,online,0.0
49,2026-02-07,45,3,7,online,0.05
50,2026-03-15,52,16,9,online,0.05
51,2025-12-27,80,30,6,online,0.1
52,2025-10-04,178,8,10,tienda,0.15
53,2026-01-16,234,2,1,online,0.0
54,2026-02-03,124,17,7,tienda,0.15
55,2025-10-28,119,8005,3,online,0.1
56,2026-01-19,8,30,5,online,0.1
57,2026-01-01,242,12,10,tienda,0.1
58,2026-03-12,85,8027,4,tienda,0.05
59,2026-01-26,129,11,10,tienda,0.0
60,2026-03-31,247,1,5,tienda,0.1
61,2025-11-09,8,23,5,online,0.1
62,2026-01-20,157,13,6,tienda,0.1
63,2025-11-15,96,15,10,online,0.05
64,2026-02-11,9043,26,10,online,0.2
65,2026-03-16,5,5,6,online,0.1
66,2025-12-09,239,21,8,online,0.0
67,2026-03-07,86,30,8,online,0.05
68,2026-02-15,175,17,9,app,0.15
69,2026-02-01,34,25,8,app,0.15
70,2026-01-28,193,23,2,online,0.05
71,2026-01-20,55,24,10,online,0.2
72,2026-03-01,119,25,1,online,0.0
73,2025-12-08,218,6,10,online,0.05
74,2025-12-22,171,28,2,app,0.2
75,2025-12-02,202,21,2,online,0.2
76,2025-10-23,158,22,3,tienda,0.1
77,2025-12-11,114,11,10,online,0.2
78,2026-01-24,210,18,7,app,0.0
79,2025-12-02,145,4,2,online,0.2
80,2026-01-27,26,3,1,tienda,0.05
81,2026-02-23,136,13,6,online,0.0
82,2026-03-06,47,23,9,tienda,0.0
83,2026-03-21,9069,9,3,online,0.05
84,2026-01-06,113,21,6,online,0.0
85,2025-12-26,76,6,3,app,0.05
86,2025-10-08,219,26,1,app,0.0
87,2026-02-04,72,30,5,app,0.0
88,2025-12-23,89,28,10,tienda,0.1
89,2025-11-16,46,12,4,app,0.05
90,2026-02-02,196,2,7,online,0.05
91,2025-11-24,33,3,6,online,0.15
92,2025-12-30,1,3,10,online,0.2
93,2025-12-06,147,28,7,tienda,0.15
94,2025-12-27,31,12,5,online,0.05
95,2025-12-11,208,15,4,online,0.15
96,2026-03-02,142,9,7,tienda,0.0
97,2026-03-29,53,23,7,app,0.0
98,2025-12-10,48,8,6,online,0.05
99,2026-02-20,69,11,8,online,0.15
100,2025-10-03,105,8091,4,online,0.0
101,2026-02-10,90,26,10,online,0.0
102,2025-11-18,190,27,5,online,0.0
103,2025-10-22,220,25,4,tienda,0.2
104,2025-12-01,194,22,1,tienda,0.1
105,2026-01-13,242,4,8,tienda,0.0
106,2026-02-03,192,28,1,online,0.1
107,2026-02-20,198,1,5,app,0.1
108,2025-12-01,63,24,6,online,0.1
109,2026-03-26,9077,7,6,tienda,0.0
110,2026-01-30,161,2,5,app,0.2
111,2026-03-15,169,24,3,online,0.05
112,2026-02-03,89,28,5,online,0.1
113,2026-01-23,176,5,8,app,0.0
114,2025-10-05,13,8031,2,online,0.05
115,2025-10-24,73,4,6,tienda,0.05
116,2025-12-15,245,5,9,online,0.1
117,2025-11-26,77,24,8,tienda,0.0
118,2026-01-12,159,1,8,online,0.15
119,2026-03-27,233,1,8,online,0.0
120,2025-12-02,203,15,7,tienda,0.1
121,2025-12-18,68,20,8,online,0.15
122,2026-03-19,98,19,6,online,0.1
123,2026-02-26,125,29,2,online,0.15
124,2026-01-03,102,10,2,online,0.1
125,2026-01-30,238,28,8,online,0.05
126,2026-02-19,132,18,1,online,0.15
127,2026-02-13,102,28,6,app,0.0
128,2025-12-28,19,3,6,online,0.1
129,2026-01-17,198,11,4,tienda,0.15
130,2026-02-18,226,15,10,online,0.05
131,2025-12-24,82,27,3,online,0.05
132,2025-12-30,141,30,3,app,0.05
133,2026-03-29,233,11,1,online,0.15
134,2026-01-25,23,17,3,app,0.2
135,2025-12-09,83,17,4,online,0.1
136,2025-12-18,109,6,5,tienda,0.1
137,2025-12-04,75,5,3,tienda,0.2
138,2025-11-29,129,8,6,app,0.0
139,2025-10-31,9035,2,5,tienda,0.0
140,2025-11-19,54,16,3,tienda,0.15
141,2025-12-20,199,20,6,online,0.15
142,2025-10-31,89,24,6,online,0.2
143,2026-02-15,213,12,8,app,0.05
144,2026-03-26,143,6,2,online,0.0
145,2025-11-17,65,1,1,online,0.05
146,2025-11-19,76,4,4,tienda,0.0
147,2025-11-25,250,17,7,online,0.0
148,2026-02-01,9020,13,10,app,0.15
149,2025-12-10,143,18,3,tienda,0.0
150,2026-02-28,149,5,3,tienda,0.15
151,2026-02-12,147,30,5,app,0.05
152,2026-03-02,60,24,5,online,0.1
153,2025-12-12,93,24,10,online,0.0
154,2025-10-26,217,27,3,tienda,0.05
155,2025-11-19,161,3,9,online,0.0
156,2025-12-15,49,11,4,tienda,0.25
157,2025-11-28,224,13,3,app,0.15
158,2026-01-01,241,4,2,online,0.05
159,2025-11-15,35,26,10,online,0.0
160,2025-12-17,172,27,9,app,0.2
161,2025-10-04,102,14,4,online,0.05
162,2026-03-31,218,22,3,tienda,0.0
163,2026-02-14,11,11,7,online,0.1
164,2025-11-02,9052,27,8,app,0.2
165,2025-12-10,200,10,2,tienda,0.0
166,2025-10-12,110,19,7,tienda,0.0
167,2025-10-14,206,18,5,app,0.2
168,2026-02-19,74,6,5,online,0.0
169,2025-12-14,194,27,3,online,0.0
170,2026-03-28,174,8082,5,app,0.1
171,2025-11-02,9,15,2,online,0.2
172,2026-03-13,3,21,4,tienda,0.05
173,2026-02-03,85,30,6,app,0.25
174,2025-10-27,26,10,1,tienda,0.1
175,2025-10-04,72,5,10,tienda,0.0
176,2026-02-24,48,26,4,app,0.25
177,2025-12-12,194,29,6,app,0.05
178,2026-01-29,198,8010,9,online,0.0
179,2026-01-31,156,10,2,online,0.1
180,2026-01-21,117,28,7,online,0.05
181,2025-12-27,221,5,6,tienda,0.0
182,2025-11-17,154,3,2,tienda,0.0
183,2025-10-14,153,23,8,tienda,0.05
184,2025-12-04,12,6,7,online,0.15
185,2026-01-31,133,4,5,tienda,0.1
186,2025-10-30,226,18,5,online,0.25
187,2025-10-17,48,28,7,tienda,0.0
188,2026-01-11,37,9,9,tienda,0.0
189,2026-02-03,207,17,9,online,0.0
190,2025-10-19,44,29,9,online,0.0
191,2026-02-25,228,13,6,tienda,0.0
192,2026-03-11,9032,27,10,tienda,0.15
193,2026-03-25,43,15,6,online,0.2
194,2025-10-14,176,30,3,app,0.25
195,2025-11-08,87,20,1,tienda,0.0
196,2025-11-08,70,17,7,app,0.2
197,2026-02-22,46,13,4,online,0.05
198,2025-12-17,242,16,1,tienda,0.0
199,2025-10-22,108,22,8,app,0.2
200,2025-12-03,123,4,6,tienda,0.1
201,2025-10-31,171,5,6,tienda,0.0
202,2026-02-20,237,5,2,online,0.05
203,2026-01-15,21,8091,1,online,0.0
204,2026-03-05,151,17,2,online,0.15
205,2026-03-02,107,13,4,online,0.05
206,2026-03-08,247,2,2,online,0.25
207,2025-11-27,80,13,1,online,0.0
208,2026-02-11,47,22,7,app,0.05
209,2026-01-06,117,21,8,online,0.05
210,2026-01-24,124,27,6,tienda,0.1
211,2026-01-22,143,23,4,app,0.05
212,2025-12-16,25,19,6,tienda,0.15
213,2026-02-28,36,3,3,online,0.2
214,2026-01-18,203,10,8,tienda,0.2
215,2025-12-18,51,2,10,tienda,0.15
216,2026-02-23,15,13,2,tienda,0.2
217,2026-03-08,68,8074,5,tienda,0.1
218,2025-10-16,21,26,1,app,0.15
219,2026-03-06,141,17,6,tienda,0.05
220,2025-10-26,214,21,2,online,0.05
221,2025-11-23,19,14,4,tienda,0.05
222,2026-03-10,34,12,6,online,0.05
223,2025-11-24,78,21,10,app,0.0
224,2025-12-07,125,12,8,online,0.25
225,2026-03-19,196,11,8,online,0.05
226,2025-10-21,240,7,-1,app,0.0
227,2025-11-10,117,4,4,tienda,0.1
228,2025-12-01,52,19,8,online,0.0
229,2025-11-14,238,1,8,tienda,0.0
230,2026-02-19,27,28,10,app,0.0
231,20/10/2025,157,24,1,online,0.05
232,2025-11-10,239,29,4,app,0.05
233,2025-10-01,156,3,4,online,0.15
234,2026-01-13,35,13,7,tienda,0.15
235,2026-01-24,136,15,7,app,0.05
236,2026-03-26,144,2,8,online,0.05
237,2026-03-02,106,11,5,online,0.05
238,2026-01-29,164,4,7,online,0.15
239,2025-12-14,158,19,8,tienda,0.0
240,2025-10-09,146,8092,9,tienda,0.0
241,2025-11-29,2,17,3,tienda,0.15
242,2025-12-13,177,3,3,online,0.05
243,2026-03-30,77,8066,4,online,0.0
244,2025-12-12,132,18,5,online,0.0
245,2026-03-29,90,8,10,online,0.2
246,2026-01-25,89,22,1,tienda,0.2
247,2025-10-19,94,25,7,app,0.15
248,2026-03-25,203,24,9,tienda,0.05
249,2025-11-29,7,26,8,online,0.1
250,2025-12-07,95,19,5,app,0.25
251,2026-03-10,108,5,4,tienda,0.25
252,2026-02-28,74,7,7,app,0.0
253,2026-03-19,39,21,5,tienda,0.15
254,2025-11-20,141,8,7,online,0.0
255,2026-01-17,159,28,1,online,0.0
256,2025-10-30,71,5,1,tienda,0.1
257,2026-02-17,191,17,10,online,0.05
258,2025-11-27,56,5,3,online,0.2
259,2026-03-15,241,4,2,tienda,0.0
260,2025-11-08,170,22,2,tienda,0.1
261,2025-12-08,189,19,7,tienda,0.2
262,2025-11-06,42,27,10,online,0.2
263,2025-10-19,184,21,2,online,0.0
264,2025-10-16,36,2,4,tienda,0.05
265,2025-11-12,84,11,2,app,0.1
266,2025-12-18,196,22,6,tienda,0.0
267,2026-03-02,118,13,8,app,0.25
268,2026-02-23,7,15,10,tienda,0.2
269,2025-12-13,54,12,4,tienda,0.0
270,2026-01-21,129,22,5,online,0.0
271,2025-11-01,172,21,4,tienda,0.0
272,2026-01-28,120,22,3,tienda,0.2
273,2026-03-26,173,11,5,tienda,0.0
274,2025-12-17,106,7,9,tienda,0.05
275,2026-03-29,47,28,8,tienda,0.05
276,2026-01-12,123,5,8,online,0.1
277,2025-12-09,141,17,8,tienda,0.0
278,2026-02-06,119,24,8,online,0.0
279,2026-02-16,150,20,7,app,0.2
280,2026-02-04,118,9,8,online,0.2
281,2026-01-21,9022,14,8,online,0.15
282,2025-10-21,214,26,8,online,0.0
283,2026-03-03,9020,12,10,tienda,0.05
284,2025-10-11,137,6,7,online,0.1
285,2026-01-19,26,17,1,online,0.0
286,2025-12-22,9,19,4,tienda,0.2
287,2026-03-04,9073,19,4,online,0.1
288,2025-12-04,10,26,5,app,0.0
289,2025-10-07,216,16,10,app,0.2
290,2025-10-24,122,12,6,tienda,0.25
291,2025-11-28,121,12,4,online,0.0
292,2026-03-22,125,20,2,tienda,0.1
293,2026-02-25,170,6,6,online,0.05
294,2026-02-28,72,23,8,tienda,0.05
295,2025-10-06,152,26,8,online,0.0
296,2026-03-22,208,4,7,app,0.1
297,2025-12-08,49,6,6,online,0.25
298,2026-02-25,154,11,2,tienda,0.1
299,2025-10-11,91,1,7,tienda,0.0
300,2025-11-14,37,30,5,tienda,0.1
301,2026-01-29,68,24,6,online,0.05
302,2026-02-10,50,23,10,app,0.2
303,2026-03-16,152,8000,8,tienda,0.05
304,2026-01-22,19,27,8,tienda,0.0
305,2025-12-11,9065,11,3,online,0.0
306,2025-11-16,60,25,7,tienda,0.15
307,2026-02-27,167,19,1,online,0.0
308,2026-01-20,202,18,1,online,0.15
309,2026-03-12,89,17,7,online,0.0
310,2026-02-03,146,19,10,app,0.05
311,2025-10-24,147,8068,9,online,0.05
312,2026-01-29,164,14,7,online,0.2
313,2025-12-29,202,27,10,tienda,0.2
314,2026-01-13,225,18,5,tienda,0.0
315,2025-12-25,183,28,8,online,0.05
316,2025-12-22,242,19,2,tienda,0.0
317,2026-03-21,69,15,9,online,0.1
318,2025-10-27,175,15,6,online,0.05
319,2025-11-11,49,4,9,online,0.2
320,2025-12-24,227,7,2,app,0.2
321,2026-01-14,108,13,3,online,0.05
322,2026-03-27,226,3,8,online,0.05
323,2026-02-04,161,16,1,online,0.2
324,2025-12-13,119,9,10,app,0.15
325,2026-03-19,149,8,7,online,0.0
326,2026-01-11,209,20,7,online,0.05
327,2026-02-18,9041,13,1,online,0.05
328,2025-10-10,176,17,9,online,0.0
329,2026-01-25,37,17,8,tienda,0.0
330,2025-10-23,143,17,4,tienda,0.0
331,2025-12-20,163,1,10,online,0.1
332,2025-12-04,220,8099,5,online,0.0
333,2025-12-22,199,19,2,online,0.0
334,2025-10-30,160,6,9,online,0.0
335,2026-01-12,11,3,6,online,0.15
336,2026-02-09,138,27,3,tienda,0.2
337,2025-10-01,201,5,7,app,0.05
338,2026-03-18,78,13,9,app,0.05
339,2026-02-16,77,15,3,app,0.25
340,2026-01-27,185,14,2,tienda,0.0
341,2026-01-14,153,29,7,tienda,0.0
342,2025-10-14,2,23,7,online,0.0
343,2025-11-18,64,16,4,tienda,0.0
344,2026-02-10,35,18,9,tienda,0.05
345,2026-01-01,7,22,8,tienda,0.2
346,2026-03-09,85,29,1,tienda,0.1
347,2026-02-05,146,22,1,online,0.05
348,2026-03-10,67,11,5,online,0.2
349,2026-01-22,42,3,6,app,0.0
350,2025-10-14,118,22,3,online,0.0
351,2025-11-22,125,10,9,tienda,0.1
352,2025-12-08,167,10,10,app,0.1
353,2026-02-18,169,8014,6,tienda,0.0
354,2025-11-03,241,21,4,tienda,0.05
355,2025-12-13,203,16,7,online,0.1
356,2026-01-21,231,12,8,online,0.1
357,2026-03-28,24,2,9,app,0.1
358,2026-02-02,188,9,6,tienda,0.05
359,2025-11-01,46,24,6,tienda,0.0
360,2025-10-08,19,3,8,online,0.05
361,2026-03-11,68,24,5,online,0.0
362,2026-03-05,218,30,3,app,0.2
363,2025-12-01,102,25,3,online,0.05
364,2026-03-31,42,30,6,tienda,0.05
365,2025-11-10,32,8095,2,online,0.15
366,2025-12-19,167,3,6,tienda,0.05
367,2026-02-19,109,19,6,app,0.05
368,2025-10-04,238,18,8,tienda,0.15
369,2026-02-19,36,8,7,online,0.2
370,2026-01-13,232,26,8,tienda,0.1
371,2025-10-24,229,17,9,tienda,0.0
372,2025-11-27,97,8,6,online,0.1
373,2025-10-30,164,7,3,app,0.15
374,2026-01-27,131,30,10,tienda,0.0
375,2025-10-31,73,7,3,app,0.0
376,2026-03-15,136,3,1,tienda,0.2
377,2025-11-09,97,1,5,online,0.0
378,2026-02-05,123,4,4,online,0.15
379,2025-12-14,70,25,9,online,0.05
380,2026-02-08,169,5,9,app,0.05
381,2026-03-30,231,1,5,tienda,0.0
382,2025-12-09,196,15,10,tienda,0.15
383,2026-01-15,13,5,4,online,0.05
384,2026-02-01,49,13,7,online,0.1
385,2026-01-29,60,8,6,tienda,0.1
386,2025-12-02,130,8,4,tienda,0.15
387,2026-01-25,188,5,10,online,0.25
388,2026-02-19,5,28,2,tienda,0.1
389,2025-11-07,172,9,1,online,0.05
390,2026-01-07,27,1,4,online,0.25
391,2025-11-18,160,4,4,tienda,0.1
392,2026-03-03,149,3,1,online,0.0
393,2026-02-08,8,2,6,app,0.0
394,2025-11-04,230,8,4,online,0.15
395,2025-10-18,200,23,1,online,0.05
396,2025-12-10,50,9,1,online,0.1
397,2026-01-15,67,2,1,tienda,0.05
398,2025-12-27,246,14,8,online,0.0
399,2026-02-07,44,14,10,tienda,0.1
400,2025-12-08,125,4,8,online,0.0
401,2025-10-01,58,30,2,online,0.05
402,2025-12-12,3,8074,7,online,0.1
403,2025-12-16,86,11,8,app,0.05
404,2026-02-28,70,3,8,app,0.15
405,2026-02-26,130,8,10,online,0.15
406,2026-03-18,215,3,7,tienda,0.15
407,2026-02-03,172,14,5,app,0.0
408,2025-11-08,2,28,1,online,0.0
409,2026-01-23,102,13,9,app,0.1
410,2026-02-15,209,13,7,online,0.2
411,2026-02-01,35,2,2,app,0.15
412,2025-12-28,98,13,6,tienda,0.15
413,2025-12-25,215,29,2,app,0.05
414,2026-02-19,30,19,1,tienda,0.05
415,2026-02-17,116,27,7,online,0.05
416,2026-01-05,8,6,2,app,0.0
417,2026-01-25,150,16,2,online,0.0
418,2025-12-22,44,2,5,online,0.2
419,2025-11-18,186,8,5,tienda,0.0
420,2026-03-28,36,17,7,tienda,0.0
421,2025-12-01,197,23,1,app,0.0
422,2026-02-24,77,2,8,online,0.2
423,2026-01-07,221,10,3,tienda,0.1
424,2025-11-29,31,28,4,tienda,0.1
425,2026-01-14,47,16,9,online,0.2
426,2025-10-12,249,6,4,online,0.05
427,2025-12-21,55,28,10,online,0.1
428,2026-01-30,208,2,5,online,0.0
429,2026-03-30,106,2,7,app,0.0
430,2026-01-06,190,26,4,tienda,0.15
431,2026-01-07,158,13,1,tienda,0.15
432,2026-03-19,121,24,9,app,0.05
433,2026-03-16,9087,15,4,online,0.05
434,2025-11-08,144,28,9,app,0.1
435,2026-02-04,12,2,6,online,0.0
436,2025-10-10,145,7,1,app,0.0
437,2025-11-02,144,3,3,online,0.0
438,2026-02-06,140,8,2,app,0.0
439,2026-03-01,136,23,9,online,0.15
440,2025-12-24,212,14,1,online,0.0
441,2025-10-26,3,24,9,tienda,0.0
442,2026-01-21,144,30,9,online,0.1
443,2025-10-26,30,23,8,tienda,0.2
444,2026-02-12,237,27,8,online,0.0
445,2026-01-25,23,22,1,tienda,0.0
446,2025-10-04,92,29,8,online,0.05
447,2025-11-06,115,7,10,online,0.15
448,2026-01-13,104,8033,3,online,0.1
449,2026-03-17,118,7,7,tienda,0.15
450,2025-11-09,5,1,1,online,0.25
451,2025-10-20,212,17,1,online,0.15
452,2026-01-29,104,9,10,online,0.1
453,2025-12-07,248,30,5,online,0.05
454,2025-12-26,108,21,5,tienda,0.0
455,2026-03-09,65,13,8,app,0.25
456,2026-03-27,121,21,7,online,0.05
457,2026-01-10,30,19,8,tienda,0.0
458,2026-03-16,149,21,6,tienda,0.1
459,2025-10-21,84,19,6,online,0.0
460,2025-12-24,198,25,2,tienda,0.1
461,2026-03-22,150,25,6,online,0.1
462,2026-02-14,210,22,5,tienda,0.35
463,2026-01-06,200,17,3,online,0.15
464,2025-12-21,231,23,6,tienda,0.0
465,2026-03-10,32,23,8,tienda,0.05
466,2026-02-02,161,30,9,online,0.1
467,2026-02-16,245,10,1,online,0.1
468,2025-10-10,16,10,3,app,0.15
469,2026-03-08,204,4,3,online,0.05
470,2025-10-18,38,8,8,tienda,0.1
471,2025-11-30,244,22,1,app,0.0
472,2026-03-11,226,20,5,tienda,0.2
473,2026-03-25,142,20,3,tienda,0.05
474,2025-12-13,36,18,2,tienda,0.15
475,2025-11-28,225,14,8,app,0.0
476,2025-10-24,151,18,3,tienda,0.0
477,2026-01-20,114,28,7,tienda,0.05
478,2025-10-26,237,14,1,online,0.2
479,2026-03-12,66,20,6,app,0.1
480,2026-03-30,105,21,3,tienda,0.2
481,2025-10-26,85,24,8,online,0.05
482,2026-01-22,2,15,6,app,0.05
483,2025-11-12,219,22,2,tienda,0.0
484,2026-03-27,249,30,6,online,0.15
485,2025-12-16,201,4,7,tienda,0.0
486,2025-10-08,193,13,5,online,0.2
487,2025-10-12,75,27,3,app,0.2
488,2025-12-23,67,23,4,online,0.2
489,2025-10-15,180,8,4,app,0.1
490,2025-12-15,190,18,6,tienda,0.1
491,2025-12-31,151,12,10,online,0.15
492,2026-01-04,154,23,1,app,0.0
493,2026-01-19,196,14,4,tienda,0.1
494,2025-11-07,210,2,10,online,0.0
495,2025-12-02,55,18,4,tienda,0.05
496,2026-02-13,6,24,10,app,0.0
497,2026-01-14,163,2,1,online,0.0
498,2026-02-22,150,11,9,online,0.05
499,2026-03-24,171,9,4,online,0.05
500,2025-11-16,143,12,7,online,0.1
501,2025-11-13,86,17,3,tienda,0.0
502,14/11/2025,60,15,10,tienda,0.1
503,2025-10-21,101,25,3,online,0.0
504,2026-03-06,244,17,8,online,0.1
505,2026-01-06,234,26,8,online,0.1
506,2026-03-08,12,29,1,app,0.1
507,2026-03-24,239,26,10,online,0.15
508,2025-12-01,49,18,2,app,0.05
509,2026-02-05,42,22,8,tienda,0.15
510,2026-02-27,166,6,1,online,0.05
511,2025-11-06,82,17,8,app,0.05
512,2025-11-29,173,23,8,tienda,0.1
513,2026-01-27,35,24,-1,tienda,0.0
514,2026-03-13,158,18,4,app,0.1
515,2025-12-05,216,8,6,online,0.1
516,2026-01-26,234,9,9,online,0.05
517,2025-12-05,158,6,8,tienda,0.0
518,2026-03-20,206,5,8,online,0.0
519,2025-10-03,134,12,7,online,0.2
520,2026-01-28,67,25,9,online,0.1
521,2025-12-13,80,29,2,online,0.0
522,2026-03-23,7,28,3,tienda,0.05
523,2026-02-17,180,11,10,online,0.1
524,2025-11-10,14,25,8,tienda,0.15
525,2025-10-19,73,1,6,tienda,0.0
526,2026-01-22,143,8074,10,online,0.0
527,2025-12-28,149,19,9,online,0.2
528,2026-02-28,163,9,10,tienda,0.0
529,2025-12-16,66,27,4,online,0.0
530,2026-03-13,91,2,8,tienda,0.25
531,2026-01-17,130,12,10,app,0.1
532,2026-03-26,163,4,3,online,0.0
533,2025-12-04,210,4,3,tienda,0.0
534,2026-01-25,206,18,8,tienda,0.0
535,2025-12-17,20,15,5,online,0.0
536,2025-11-20,210,19,3,app,0.2
537,2026-01-07,10,8039,10,app,0.05
538,2026-02-01,25,19,1,online,0.15
539,2025-10-28,194,17,3,tienda,0.2
540,2025-11-30,25,6,9,app,0.05
541,2026-01-06,54,16,5,app,0.0
542,2026-02-24,33,24,10,tienda,0.1
543,2025-12-31,164,12,2,tienda,0.2
544,2026-02-25,95,19,7,online,0.15
545,2025-12-15,14,5,2,app,0.0
546,2026-03-29,65,17,4,online,0.1
547,2025-12-15,110,26,7,tienda,0.1
548,2025-10-06,80,23,4,online,0.2
549,2026-03-18,54,26,7,online,0.0
550,2026-01-10,238,29,7,online,0.1
551,2025-12-10,125,1,1,app,0.2
552,2025-10-03,180,28,6,online,0.05
553,2026-02-22,131,27,9,tienda,0.05
554,2026-03-25,227,25,2,online,0.0
555,2025-10-13,169,24,3,online,0.0
556,2026-03-05,134,23,10,online,0.05
557,2026-02-05,25,10,5,tienda,0.2
558,2025-12-13,141,15,9,online,0.0
559,2025-11-28,117,23,4,online,0.05
560,2026-03-05,226,21,1,online,0.1
561,2025-12-30,136,21,4,online,0.0
562,2025-11-26,149,11,6,app,0.05
563,2026-03-12,226,13,5,app,0.15
564,2025-11-18,196,5,1,online,0.2
565,2026-03-08,25,1,4,tienda,0.1
566,2025-12-04,79,24,6,app,0.1
567,2026-03-23,68,12,10,online,0.0
568,2026-03-18,173,11,10,app,0.2
569,2026-03-24,188,17,4,app,0.0
570,2025-11-05,12,4,9,online,0.15
571,2026-03-10,32,15,5,online,0.0
572,2025-10-25,128,25,8,app,0.2
573,2026-03-10,96,30,9,tienda,0.15
574,2026-03-15,92,9,10,online,0.15
575,2025-10-11,141,21,5,online,0.0
576,2025-12-19,31,20,6,online,0.05
577,2026-01-21,78,19,1,tienda,0.1
578,2025-10-09,20,19,7,tienda,0.15
579,2026-02-26,146,12,4,app,0.0
580,2026-01-02,221,5,-3,online,0.25
581,2025-11-03,60,10,5,tienda,0.2
582,2025-10-24,191,17,3,tienda,0.0
583,2025-12-15,134,5,6,online,0.15
584,2025-12-23,160,22,8,online,0.1
585,2026-01-15,93,16,7,app,0.05
586,2025-11-14,43,7,3,app,0.05
587,2025-11-21,130,28,8,tienda,0.1
588,2025-11-03,60,9,2,tienda,0.15
589,2026-02-16,151,3,10,online,0.05
590,2026-01-02,211,15,9,tienda,0.1
591,2026-02-13,31,16,4,tienda,0.1
592,2026-02-06,243,18,1,tienda,0.15
593,2025-12-09,5,14,8,app,0.0
594,2025-11-12,211,3,7,tienda,0.2
595,2025-12-05,162,12,5,online,0.05
596,2026-02-01,10,9,10,tienda,0.0
597,2025-12-15,89,28,5,online,0.0
598,2025-12-26,130,7,7,online,0.05
599,2025-10-30,126,9,5,online,0.2
600,2026-01-28,11,13,8,online,0.05
601,2025-10-20,178,18,6,tienda,0.15
602,2025-11-06,159,5,5,tienda,0.0
603,2025-11-27,56,13,9,tienda,0.05
604,2026-03-23,207,4,2,tienda,0.25
605,2026-03-22,201,2,1,online,0.15
606,2026-01-10,215,16,8,app,0.0
607,2026-02-20,83,9,3,online,0.1
608,2026-01-02,137,9,7,online,0.0
609,2025-10-24,9066,6,10,tienda,0.05
610,2026-01-10,149,11,8,online,0.15
611,2025-10-04,73,22,6,online,0.15
612,2025-12-07,156,24,10,tienda,0.0
613,2026-02-15,190,22,9,tienda,0.2
614,2025-11-01,238,1,7,online,0.1
615,2026-01-25,115,4,10,app,0.05
616,2026-01-03,7,13,5,tienda,0.1
617,2026-03-22,80,23,8,app,0.1
618,2026-03-22,144,13,2,online,0.1
619,2025-12-07,97,13,7,tienda,0.05
620,2026-02-27,4,2,4,app,0.1
621,2026-01-06,4,9,9,tienda,0.0
622,2026-03-13,103,8024,1,tienda,0.15
623,2026-01-04,40,8,7,online,0.1
624,2025-10-28,17,7,6,online,0.0
625,2026-03-22,101,4,8,tienda,0.15
626,2025-11-29,9052,18,5,online,0.2
627,2026-01-29,124,3,1,app,0.2
628,2025-10-07,52,28,1,online,0.05
629,2026-03-08,221,6,9,app,0.0
630,2026-02-21,52,12,10,app,0.1
631,2025-12-23,164,12,6,online,0.0
632,2026-03-06,124,21,10,online,0.2
633,2025-11-26,166,28,5,app,0.0
634,2026-03-15,231,8,1,app,0.0
635,2025-10-17,178,8049,6,online,0.05
636,2026-03-12,63,22,6,online,0.05
637,2026-01-27,229,1,3,tienda,0.15
638,2026-03-29,116,4,8,tienda,0.05
639,2025-12-17,9043,21,1,online,0.0
640,2026-03-16,62,28,1,tienda,0.0
641,2026-01-13,227,11,6,online,0.1
642,2025-10-30,7,3,10,online,0.0
643,2025-11-05,155,13,1,online,0.1
644,2025-10-12,92,25,6,online,0.1
645,2025-10-10,214,17,1,online,0.15
646,2025-12-17,14,22,6,tienda,0.2
647,2026-02-04,199,22,3,online,0.2
648,2025-10-30,229,10,8,online,0.2
649,2025-10-25,86,21,6,online,0.0
650,2025-11-30,133,12,1,app,0.0
651,2026-02-15,183,15,5,online,0.05
652,2025-11-04,130,21,8,online,0.2
653,2026-01-08,62,10,3,tienda,0.25
654,2026-01-25,219,14,6,app,0.2
655,2026-01-03,149,13,5,online,0.0
656,2026-03-21,246,5,6,tienda,0.2
657,2026-03-28,230,6,10,tienda,0.05
658,2026-02-16,79,24,1,tienda,0.0
659,2026-01-16,149,2,7,online,0.05
660,2026-02-28,138,22,9,tienda,0.0
661,2025-11-09,215,17,2,online,0.1
662,2026-01-15,58,4,10,tienda,0.05
663,2026-03-17,120,14,5,tienda,0.05
664,2025-10-26,167,10,10,online,0.1
665,2026-02-03,133,3,4,app,0.2
666,2026-03-07,9089,25,6,online,0.1
667,2026-01-13,9076,3,6,app,0.05
668,2025-12-11,213,15,2,tienda,0.15
669,2025-10-09,218,6,2,online,0.2
670,2026-03-26,242,17,4,online,0.0
671,2026-01-03,237,12,1,app,0.1
672,2025-11-25,213,22,9,online,0.0
673,2026-01-22,181,20,7,online,0.0
674,2026-01-22,82,24,7,online,0.1
675,2025-11-30,229,29,3,tienda,0.2
676,2026-01-01,173,11,3,tienda,0.0
677,2025-10-26,160,25,1,online,0.15
678,2026-03-25,164,4,3,online,0.2
679,2026-01-03,209,26,3,online,0.2
680,2026-02-17,227,28,4,online,0.0
681,2026-03-15,241,26,4,online,0.2
682,2025-12-31,188,6,3,tienda,0.05
683,2025-10-16,139,1,10,online,0.1
684,2026-01-10,191,20,8,online,0.0
685,2025-12-10,149,23,8,online,0.0
686,2025-11-18,52,28,1,app,0.15
687,2025-11-01,183,16,7,app,0.05
688,2026-01-25,117,15,2,app,0.0
689,2025-10-24,26,17,1,online,0.0
690,2026-03-19,196,8,3,online,0.1
691,2025-11-24,34,28,4,online,0.0
692,2026-03-14,52,26,6,online,0.15
693,2026-03-13,112,12,10,tienda,0.0
694,2026-03-02,82,27,5,tienda,0.0
695,2025-10-06,232,22,4,app,0.05
696,2025-10-13,227,21,8,app,0.05
697,2025-12-25,233,10,4,online,0.05
698,2025-12-02,221,27,10,tienda,0.05
699,2025-11-02,180,15,2,online,0.25
700,2026-02-22,157,30,3,online,-0.05
701,2025-11-22,166,9,6,tienda,0.0
702,2025-10-18,42,2,8,online,0.05
703,2026-02-19,21,5,8,online,0.2
704,2025-11-23,42,6,9,online,0.05
705,2026-02-28,141,7,7,tienda,0.0
706,2025-11-25,113,21,2,tienda,0.15
707,2025-11-29,105,8073,8,online,0.1
708,2025-12-24,192,1,7,app,0.1
709,2025-11-07,17,23,8,online,0.0
710,2026-03-02,120,26,3,online,0.0
711,2025-10-01,137,7,7,tienda,0.1
712,2025-12-10,169,20,10,tienda,0.0
713,2025-11-07,129,25,9,app,0.1
714,2025-11-03,130,30,3,online,0.1
715,2026-02-16,60,12,10,tienda,0.0
716,2025-12-04,48,16,6,tienda,0.2
717,2025-11-14,29,16,2,app,0.15
718,2025-10-29,97,11,2,online,0.15
719,2026-03-19,10,21,5,tienda,0.0
720,2025-10-07,242,4,5,tienda,0.0
721,2025-11-03,58,13,7,online,0.05
722,2025-10-04,188,7,2,tienda,0.35
723,2025-12-31,232,4,7,online,0.25
724,2025-11-30,21,15,5,tienda,0.0
725,2026-02-28,28,19,6,app,0.05
726,2025-12-22,203,9,8,tienda,0.05
727,2025-10-05,247,11,10,tienda,0.1
728,2025-11-14,34,8044,4,tienda,0.0
729,2025-12-07,8,1,7,online,0.05
730,2025-10-14,187,23,6,online,0.0
731,2025-11-02,214,25,10,tienda,0.2
732,2026-01-16,200,24,2,online,0.0
733,2026-02-12,177,8,8,online,0.2
734,2025-10-30,79,13,10,tienda,0.15
735,2025-10-17,145,22,9,online,0.0
736,2026-01-30,188,27,5,online,0.15
737,2026-01-23,87,4,10,tienda,0.0
738,2026-01-01,88,8,4,online,0.25
739,2026-02-09,173,3,6,app,0.1
740,2026-03-01,211,29,8,app,0.05
741,2025-10-28,69,9,3,tienda,0.05
742,2026-01-24,160,29,10,online,0.0
743,2026-02-06,172,2,1,tienda,0.25
744,2025-11-26,193,2,4,app,0.0
745,2026-03-07,87,28,4,tienda,0.1
746,2025-10-12,101,13,1,online,0.05
747,2026-03-18,8,15,9,tienda,0.2
748,2026-02-11,77,28,3,app,0.0
749,2025-12-17,200,23,5,tienda,0.1
750,2026-01-26,249,12,6,tienda,0.05
751,2026-03-14,9006,26,8,tienda,0.15
752,2025-10-08,43,4,6,tienda,0.0
753,2025-10-16,129,26,3,online,0.0
754,2026-01-31,109,8,6,tienda,0.0
755,2026-01-11,179,9,1,online,0.15
756,2026-01-18,152,23,4,online,0.0
757,2026-03-25,227,5,6,online,0.1
758,2025-10-28,152,24,7,tienda,0.0
759,2026-02-03,17,20,10,online,0.2
760,2026-01-22,133,18,3,tienda,0.2
761,2025-10-19,148,11,9,tienda,0.1
762,2025-10-21,21,15,7,online,0.05
763,2025-12-22,232,28,1,online,0.0
764,2026-03-05,58,22,2,online,0.0
765,2025-11-07,159,9,1,app,0.0
766,2025-10-17,110,17,9,tienda,0.1
767,2025-11-02,228,27,9,tienda,0.1
768,2025-12-10,139,26,7,online,0.2
769,2026-03-09,180,12,10,tienda,0.05
770,2026-03-12,143,7,3,app,0.1
771,2026-02-27,211,10,5,app,0.05
772,2026-02-18,135,25,4,tienda,0.1
773,2025-12-23,243,26,7,online,0.0
774,2026-01-06,28,25,9,online,0.05
775,2026-03-02,9092,10,2,online,0.05
776,2026-02-13,235,27,8,online,0.15
777,2025-12-15,186,13,9,online,0.2
778,2026-01-25,5,19,10,online,0.05
779,2026-02-07,5,11,10,online,0.0
780,2026-03-04,94,13,9,app,0.05
781,2026-01-19,246,21,10,tienda,0.1
782,2025-10-26,96,8,7,app,0.0
783,2026-03-29,8,8,9,tienda,0.15
784,2025-10-30,64,8001,9,online,0.25
785,2026-03-17,138,15,3,tienda,0.2
786,2026-03-16,38,28,4,online,0.0
787,2026-02-19,9002,11,2,tienda,0.2
788,2025-11-25,224,11,10,online,0.15
789,2026-01-19,112,1,3,app,0.05
790,2026-01-24,220,17,5,online,0.1
791,2025-11-28,81,15,5,online,0.15
792,2026-01-14,223,20,6,app,0.05
793,2025-12-26,136,6,7,online,0.05
794,2026-01-25,104,24,7,tienda,0.05
795,2026-01-11,153,22,1,tienda,0.1
796,2026-01-15,73,28,2,app,0.0
797,2025-10-25,194,25,9,app,0.2
798,2025-12-20,207,15,10,app,0.1
799,2026-01-18,178,9,2,online,0.1
800,2025-12-20,195,14,6,app,0.0
801,2026-03-20,49,18,-2,tienda,0.1
802,2025-12-05,36,26,3,tienda,0.0
803,2026-01-04,126,8066,2,online,0.0
804,2025-11-09,68,18,3,tienda,0.1
805,2026-03-25,78,5,5,app,0.05
806,2026-01-30,105,20,10,app,-0.05
807,2025-10-18,169,20,6,online,0.0
808,2025-10-24,217,9,9,online,0.05
809,2025-10-22,122,11,10,online,0.0
810,2025-10-24,119,24,4,app,0.25
811,2026-01-19,190,22,7,tienda,0.1
812,2025-10-25,9036,1,6,tienda,0.1
813,2026-01-04,10,18,2,online,0.05
814,2025-11-03,9023,6,10,online,0.0
815,2026-02-20,164,27,8,tienda,0.25
816,2025-10-16,140,2,7,app,0.0
817,2026-02-28,91,15,7,tienda,0.05
818,2026-02-21,232,29,8,online,0.1
819,2026-02-21,2,26,1,tienda,0.0
820,2025-12-24,118,21,1,online,0.15
821,2026-03-21,13,14,8,app,0.1
822,2025-11-01,181,5,4,online,0.0
823,2026-01-14,160,6,5,tienda,0.0
824,2025-12-30,95,6,8,online,0.0
825,2026-03-20,144,30,5,tienda,0.2
826,2026-01-17,32,8084,10,tienda,0.1
827,2025-10-14,32,30,4,tienda,0.0
828,13/12/2025,124,8099,6,online,0.0
829,2026-03-03,226,8058,5,online,0.1
830,2025-12-19,11,10,7,online,0.1
831,2025-12-30,10,14,10,tienda,0.05
832,2025-10-27,15,8035,7,online,0.05
833,2026-02-25,17,30,4,tienda,0.0
834,2026-02-07,9090,3,5,app,0.1
835,2025-11-24,146,30,3,app,0.25
836,2025-11-09,183,6,4,online,0.0
837,2026-03-18,9082,29,4,tienda,0.1
838,2026-02-01,153,8,3,online,0.05
839,2025-11-27,232,12,10,tienda,0.05
840,2025-10-28,59,13,5,app,0.0
841,2025-12-29,78,11,5,online,0.15
842,2026-02-20,124,12,7,online,0.05
843,2026-01-03,250,8065,4,app,0.1
844,2025-10-30,217,17,4,app,0.05
845,2025-12-11,114,16,9,online,0.0
846,2026-02-24,22,11,-1,tienda,0.0
847,2025-11-27,244,13,4,online,0.15
848,2026-01-18,158,18,2,online,0.0
849,2026-02-21,212,11,6,app,0.1
850,2026-03-09,213,28,2,app,0.05
851,2026-03-07,172,12,5,tienda,0.05
852,2026-03-22,32,6,6,online,0.05
853,2026-03-14,179,8024,4,app,0.05
854,2026-02-20,174,16,3,online,0.0
855,2025-10-07,113,8030,7,online,0.05
856,2026-03-05,120,3,2,tienda,0.1
857,2026-03-18,149,28,6,online,0.1
858,2026-03-27,227,16,4,tienda,0.0
859,2025-12-08,122,24,6,tienda,0.05
860,2025-10-08,32,27,4,online,0.0
861,2025-11-16,222,26,4,online,0.0
862,2025-12-09,119,30,4,online,0.0
863,2026-03-29,39,25,9,online,0.2
864,2025-12-19,241,12,7,tienda,0.0
865,2025-12-26,12,11,3,app,0.0
866,2025-12-29,233,5,3,online,0.0
867,2025-10-02,175,25,6,online,0.0
868,2025-11-16,18,18,6,tienda,0.1
869,2025-11-06,149,19,4,app,0.0
870,2026-02-22,141,23,9,online,0.0
871,2026-03-18,149,23,4,online,0.1
872,2026-01-11,126,6,9,tienda,0.05
873,2025-10-18,136,22,4,online,0.15
874,2025-11-06,46,18,2,online,0.1
875,2026-03-12,104,26,2,tienda,0.0
876,2025-10-08,238,6,5,tienda,0.1
877,2025-10-24,135,4,4,tienda,0.0
878,2026-02-13,151,12,7,tienda,0.1
879,2025-11-25,236,19,5,tienda,0.05
880,2026-01-05,224,29,6,online,0.0
881,2026-01-16,203,27,10,online,0.1
882,2026-01-25,86,29,4,online,0.2
883,2025-12-27,150,2,2,online,0.25
884,2025-11-10,235,17,10,tienda,0.1
885,2026-01-03,89,11,9,app,0.05
886,2025-12-19,22,11,10,app,0.0
887,2025-12-23,92,21,7,tienda,0.0
888,2026-02-23,29,16,4,online,0.05
889,2026-03-02,13,2,3,online,0.05
890,2025-10-22,210,2,10,app,0.2
891,2025-10-14,2,23,3,tienda,0.05
892,2025-11-09,29,8,9,tienda,0.05
893,2025-11-10,213,13,5,tienda,0.05
894,2026-03-08,207,10,3,tienda,0.15
895,2025-10-13,180,8,5,app,0.1
896,2026-03-22,27,30,2,online,0.1
897,2025-10-21,50,4,4,tienda,0.05
898,2025-12-09,95,15,10,app,0.15
899,2026-01-22,9038,30,2,online,0.0
900,2026-03-19,243,1,2,tienda,0.2
901,2026-01-17,151,11,8,online,0.1
902,2026-02-02,88,7,1,app,0.05
903,2026-03-05,44,17,7,online,0.05
904,2026-01-22,205,27,5,tienda,0.1
905,2026-01-15,22,20,8,online,0.0
906,2025-12-09,171,24,1,tienda,0.2
907,2025-11-25,165,18,7,online,0.05
908,2026-02-09,189,22,5,online,0.05
909,2025-10-30,97,29,4,tienda,0.0
910,2025-12-28,184,22,7,app,0.05
911,2026-01-19,3,12,10,online,0.05
912,2025-10-29,191,9,2,online,0.05
913,2025-12-12,118,5,1,tienda,0.1
914,2026-03-23,19,10,1,tienda,0.05
915,2026-03-23,23,4,1,app,0.25
916,2026-03-01,157,5,5,online,0.1
917,2026-02-02,30,28,10,tienda,0.15
918,2026-02-12,39,28,7,online,0.0
919,2026-03-20,108,10,2,online,0.05
920,2025-12-18,111,11,10,tienda,0.05
921,2025-10-12,25,21,8,tienda,0.1
922,2025-11-26,128,24,4,tienda,0.2
923,2026-01-10,229,10,3,online,0.0
924,2026-03-03,111,28,10,online,0.0
925,2025-10-15,136,8,8,online,0.2
926,2025-10-02,106,2,2,app,0.0
927,2025-11-22,186,23,3,online,0.1
928,2025-12-17,144,8,3,online,0.1
929,2025-11-24,72,16,10,online,0.15
930,2025-11-05,129,27,1,tienda,0.0
931,2025-12-05,108,22,6,online,0.0
932,2025-12-14,5,5,2,app,0.1
933,2025-12-23,3,27,1,online,0.2
934,2025-10-31,193,25,2,app,0.05
935,2025-10-02,132,29,6,online,0.05
936,2026-02-05,104,3,4,tienda,0.1
937,2026-01-19,227,12,6,app,0.2
938,2025-11-14,224,13,9,online,0.15
939,2025-11-03,64,13,10,app,0.25
940,2026-01-06,106,10,10,tienda,0.0
941,2026-02-14,9020,4,8,app,0.0
942,2026-03-30,235,9,1,tienda,0.1
943,2025-11-28,217,22,8,online,0.15
944,2026-02-06,10,24,9,online,0.0
945,2026-02-21,149,23,6,online,0.0
946,2026-03-21,128,27,10,online,0.15
947,2025-12-30,46,2,5,online,0.0
948,2025-10-19,231,19,6,online,0.05
949,2026-01-10,219,1,6,online,0.1
950,2025-10-11,155,25,9,tienda,0.1
951,2026-01-20,9007,29,4,online,0.15
952,2025-10-05,169,7,2,online,0.05
953,2026-01-26,112,17,9,tienda,0.1
954,2025-10-20,13,3,2,online,0.1
955,2025-12-20,137,20,10,online,0.1
956,2026-02-25,244,20,9,online,0.1
957,2026-01-18,164,21,2,app,0.0
958,2026-02-24,86,30,8,app,0.0
959,2026-01-12,234,3,9,online,0.0
960,2026-03-31,90,3,10,tienda,0.0
961,2026-03-13,58,17,9,tienda,0.1
962,2026-01-15,54,7,10,tienda,0.15
963,14/12/2025,12,27,9,tienda,0.15
964,2025-10-30,209,26,2,tienda,0.15
965,2026-01-12,206,14,4,online,0.05
966,2025-10-06,14,17,7,online,0.05
967,2025-12-23,121,18,2,tienda,0.05
968,2025-11-13,162,13,1,app,0.0
969,2026-03-08,181,20,3,tienda,0.0
970,2026-01-26,121,29,4,app,0.1
971,2026-03-26,20,20,8,app,0.25
972,2026-01-01,75,21,6,online,0.0
973,2025-10-23,144,27,2,tienda,0.0
974,2026-01-20,243,18,9,tienda,0.15
975,2025-10-28,223,4,2,app,0.0
976,2025-12-02,247,1,5,app,0.15
977,2026-01-20,70,18,4,tienda,0.15
978,2026-02-28,56,1,7,online,0.2
979,2026-01-11,211,26,8,tienda,0.05
980,2026-02-12,101,26,5,online,0.1
981,2025-10-21,186,13,10,tienda,0.05
982,2026-01-10,132,20,5,app,0.1
983,2025-12-19,111,20,2,online,0.05
984,2025-12-26,125,23,8,tienda,0.0
985,2025-11-26,132,10,2,online,0.1
986,2025-12-25,20,27,10,online,0.1
987,2025-11-13,138,11,6,online,0.15
988,2025-10-20,24,9,8,tienda,0.15
989,2026-02-08,246,9,6,app,0.1
990,2026-03-12,227,5,4,app,0.0
991,2025-10-30,154,26,4,online,0.15
992,2026-02-13,37,1,6,app,0.1
993,2026-02-08,230,17,4,tienda,0.2
994,2025-11-19,213,22,8,online,0.2
995,2025-12-29,54,2,9,online,0.0
996,2025-12-29,232,24,1,online,0.15
997,2026-03-15,103,13,4,app,0.0
998,2025-11-07,149,9,4,tienda,0.05
999,2025-11-30,202,8008,2,tienda,0.1
1000,2025-10-27,38,4,6,online,0.0
1001,2025-11-07,174,5,3,tienda,0.15
1002,2025-12-05,4,11,7,online,0.0
1003,2025-11-20,188,24,-2,online,0.0
1004,2025-11-14,57,19,4,tienda,0.1
1005,2026-03-04,173,21,5,online,0.15
1006,2025-11-09,20,3,8,app,0.2
1007,2026-03-17,17,12,3,online,0.15
1008,2025-10-20,119,26,7,tienda,0.1
1009,2025-11-15,71,19,6,online,0.05
1010,2026-03-10,4,19,1,tienda,0.0
1011,2026-02-04,221,13,7,online,0.0
1012,2026-01-27,14,28,7,online,0.1
1013,2026-02-22,3,7,1,app,0.1
1014,2026-02-26,216,15,9,online,0.05
1015,2026-01-23,229,23,6,app,0.15
1016,2026-03-24,80,7,2,app,0.1
1017,2026-02-22,186,26,5,online,0.0
1018,2026-03-14,55,8,4,online,0.0
1019,2026-03-12,244,5,7,tienda,0.15
1020,2026-03-09,132,21,8,app,0.15
1021,2025-12-22,120,14,1,app,0.2
1022,2026-03-10,24,4,5,tienda,0.0
1023,2025-12-20,162,23,3,tienda,0.25
1024,2025-11-08,158,10,1,online,0.0
1025,2026-01-21,82,20,3,app,0.0
1026,2025-10-18,147,15,6,app,0.25
1027,2026-01-29,159,18,7,online,0.0
1028,2026-01-22,188,20,8,online,0.1
1029,2026-03-11,60,13,4,online,0.0
1030,2025-12-17,147,29,3,online,0.1
1031,2025-12-10,49,8,5,app,0.2
1032,2026-03-01,63,9,9,online,0.05
1033,2025-10-15,110,16,6,online,0.1
1034,2025-12-30,211,19,9,online,0.0
1035,2026-02-07,150,16,6,app,0.1
1036,2025-10-19,152,7,2,tienda,0.05
1037,2025-12-19,109,14,5,online,0.0
1038,2026-01-27,76,28,9,online,0.05
1039,2026-01-24,30,14,8,app,0.0
1040,2025-10-10,58,25,7,app,0.2
1041,2025-10-15,230,27,1,online,0.05
1042,2026-01-03,117,4,4,online,0.0
1043,2025-12-13,159,26,7,online,0.05
1044,2025-10-20,100,15,7,online,0.05
1045,2026-03-15,192,3,6,tienda,0.15
1046,2025-10-24,19,5,8,app,0.25
1047,2026-03-07,176,1,6,tienda,0.05
1048,2026-03-02,173,3,10,app,0.2
1049,2026-02-07,228,15,3,online,0.1
1050,2026-01-07,94,24,4,tienda,0.0
1051,2026-01-27,183,27,3,tienda,0.1
1052,2026-02-26,113,8,1,online,0.1
1053,2026-02-19,183,29,10,online,0.1
1054,2025-10-11,225,4,5,tienda,0.2
1055,2026-01-24,146,2,1,online,0.05
1056,2026-02-24,63,29,1,online,0.2
1057,2026-03-16,116,24,2,tienda,0.15
1058,2025-11-18,113,24,4,app,0.05
1059,2025-12-22,220,10,6,tienda,0.1
1060,2026-03-04,47,4,8,app,0.05
1061,2026-01-30,203,3,3,online,0.25
1062,2026-02-06,57,2,1,tienda,0.1
1063,2025-11-08,118,25,3,tienda,0.0
1064,2025-10-16,45,17,3,app,0.05
1065,2026-01-24,161,23,5,online,0.1
1066,2025-10-27,145,21,4,tienda,0.0
1067,2025-12-27,198,24,4,tienda,0.0
1068,2025-10-22,4,20,9,online,0.05
1069,2026-02-07,148,23,7,online,0.05
1070,2026-03-15,240,13,4,online,0.05
1071,2025-11-14,47,5,3,online,0.0
1072,2025-10-11,219,30,6,app,0.0
1073,2025-12-03,9028,21,3,online,0.1
1074,2026-03-31,198,30,6,online,0.1
1075,2026-01-21,47,9,9,tienda,0.0
1076,2026-01-21,78,25,6,online,0.05
1077,2026-02-12,124,29,4,tienda,0.1
1078,2026-02-11,75,25,5,online,0.0
1079,2026-03-06,103,28,6,app,0.0
1080,2025-11-10,137,22,3,app,0.0
1081,2026-01-02,90,6,8,app,0.15
1082,2026-01-04,144,5,4,online,0.15
1083,2025-12-12,69,25,8,tienda,0.15
1084,2026-01-08,249,10,10,online,0.15
1085,2026-01-13,244,8,10,online,0.1
1086,2025-12-26,61,7,3,online,0.05
1087,2026-03-23,138,7,10,tienda,0.1
1088,2026-03-03,50,6,7,tienda,0.0
1089,2025-10-14,3,21,9,tienda,0.1
1090,2026-03-11,205,29,4,online,0.15
1091,2026-03-15,107,20,8,online,0.1
1092,2025-12-25,113,3,3,tienda,0.05
1093,2025-10-17,9099,19,7,online,0.0
1094,2025-12-24,118,22,3,tienda,0.1
1095,2025-10-25,237,15,7,online,0.1
1096,2026-02-20,198,8001,10,app,0.2
1097,2026-03-23,81,28,10,tienda,0.05
1098,2026-01-07,109,12,6,online,0.15
1099,2025-12-12,51,6,2,online,0.1
1100,04/12/2025,245,19,3,tienda,0.2
1101,2026-03-18,147,4,6,app,0.1
1102,2026-03-04,170,15,4,online,0.1
1103,2025-11-08,35,9,6,online,0.1
1104,2025-12-25,46,5,1,app,0.15
1105,2025-10-21,154,13,10,tienda,0.25
1106,2026-02-27,243,23,1,online,0.0
1107,2026-03-19,69,26,3,tienda,0.0
1108,2025-11-06,93,18,8,online,0.2
1109,2025-12-29,64,30,8,tienda,0.1
1110,2025-12-19,165,30,4,online,0.1
1111,2026-03-17,212,5,6,app,0.05
1112,2026-03-28,49,25,8,tienda,0.0
1113,2026-03-19,149,16,7,tienda,0.15
1114,2026-01-09,74,27,7,tienda,0.15
1115,2025-11-03,192,19,4,app,0.05
1116,2026-03-02,5,14,9,app,0.05
1117,2026-03-31,100,25,10,tienda,0.15
1118,2025-10-22,70,30,6,tienda,0.0
1119,2025-12-19,90,16,3,tienda,0.2
1120,2026-02-21,4,27,5,tienda,0.0
1121,2026-01-05,126,15,5,online,0.1
1122,2026-03-14,231,8041,5,tienda,0.2
1123,2025-12-24,39,4,8,online,0.1
1124,2025-11-02,242,7,9,app,0.05
1125,2026-03-21,163,16,9,online,0.1
1126,2026-03-29,9075,24,6,app,0.05
1127,2026-03-25,24,22,6,tienda,0.0
1128,2026-02-12,57,21,9,tienda,0.25
1129,2025-10-24,100,22,4,tienda,0.15
1130,2026-03-15,70,21,6,online,0.1
1131,2026-03-21,41,8,4,online,0.05
1132,2026-01-17,182,17,1,online,0.0
1133,2026-02-08,174,16,7,tienda,0.0
1134,2026-01-01,60,27,10,online,0.1
1135,2025-10-05,108,23,6,tienda,0.15
1136,2026-01-01,188,10,9,online,0.1
1137,2025-12-19,57,10,7,online,0.15
1138,2025-11-16,31,27,7,online,0.0
1139,2025-11-24,84,2,2,app,0.05
1140,2025-12-27,9001,30,9,tienda,0.0
1141,2026-02-02,9085,9,10,online,0.05
1142,2025-11-19,36,8091,9,tienda,0.0
1143,2025-11-27,213,11,6,online,0.25
1144,2025-11-05,158,10,3,app,0.0
1145,2025-11-09,152,22,1,tienda,0.2
1146,2025-10-20,108,25,4,online,0.05
1147,2025-12-15,106,17,3,tienda,0.25
1148,2025-10-26,158,8060,1,online,0.1
1149,2026-02-07,86,16,3,app,0.2
1150,2026-02-16,220,20,4,online,0.0
1151,2026-02-12,135,15,8,tienda,0.15
1152,2025-10-10,163,25,9,online,0.2
1153,2026-03-19,183,27,3,tienda,0.0
1154,2025-12-26,220,21,6,tienda,0.0
1155,2026-03-08,14,5,10,tienda,0.05
1156,2025-11-03,120,6,5,tienda,0.2
1157,2026-03-02,138,17,6,app,0.1
1158,2026-01-05,80,1,4,online,0.1
1159,2025-11-09,144,25,10,online,0.0
1160,2025-11-11,182,19,6,online,0.0
1161,2025-11-16,223,4,7,app,0.15
1162,2026-03-27,106,17,9,online,0.0
1163,2026-03-09,217,9,10,tienda,0.1
1164,2025-11-12,205,24,7,tienda,0.2
1165,2026-01-21,70,2,6,online,0.0
1166,2025-10-12,44,8,1,online,0.1
1167,2026-01-14,73,15,2,online,0.0
1168,2026-01-02,45,7,1,online,0.1
1169,2026-03-23,9005,27,9,online,0.0
1170,2025-11-30,184,6,10,online,0.15
1171,2026-01-22,107,1,10,app,0.05
1172,2026-03-06,84,15,9,app,0.05
1173,2025-12-12,82,23,7,online,0.1
1174,2026-01-23,250,26,2,online,0.0
1175,2025-11-29,107,7,6,online,0.15
1176,2026-02-14,185,29,4,tienda,0.05
1177,2025-12-01,9046,30,1,app,0.1
1178,2025-12-19,196,25,1,online,0.0
1179,2026-01-29,178,17,5,online,0.1
1180,2025-11-19,161,2,2,tienda,0.0
1181,2026-01-03,219,27,4,tienda,0.05
1182,2026-03-23,7,9,1,online,0.0
1183,2026-02-24,70,29,4,tienda,0.15
1184,2026-01-21,127,9,6,online,0.0
1185,2026-01-27,143,13,10,online,0.2
1186,2025-12-12,210,6,4,tienda,0.2
1187,2026-01-06,160,6,1,app,0.0
1188,2026-02-06,248,20,7,online,0.1
1189,2026-02-13,203,20,2,app,0.0
1190,2026-01-16,148,21,9,online,0.05
1191,2025-11-11,216,3,3,tienda,0.15
1192,2025-11-21,143,17,8,tienda,0.1
1193,2026-03-04,176,17,8,app,0.1
1194,2025-11-05,199,12,3,app,0.0
1195,2025-12-04,149,16,4,online,0.05
1196,2025-10-14,170,15,2,app,0.0
1197,2026-03-14,154,13,4,app,0.15
1198,2026-02-01,236,8058,9,tienda,0.1
1199,2026-01-04,120,1,2,online,0.15
1200,2026-02-19,128,17,3,app,0.0
1201,2025-10-27,142,3,4,app,0.05
1202,2026-02-10,57,26,5,online,0.05
1203,2025-11-01,165,15,1,app,0.0
1204,2025-12-12,58,4,7,online,0.05
1205,2025-10-22,21,4,10,online,0.15
1206,2025-11-11,82,18,7,tienda,0.2
1207,2025-12-09,69,17,9,tienda,0.1
1208,2026-01-24,131,19,4,tienda,0.05
1209,2026-02-09,87,11,6,online,0.0
1210,2025-11-07,218,20,2,app,0.2
1211,2026-01-20,165,3,4,online,0.0
1212,2025-10-24,216,8,2,online,0.2
1213,2025-11-26,49,14,10,online,0.05
1214,2026-01-24,147,26,5,tienda,0.05
1215,2025-12-29,115,1,7,app,0.2
1216,2025-10-07,89,14,1,tienda,0.0
1217,2026-01-15,85,2,10,app,0.1
1218,2025-10-14,128,29,10,online,0.1
1219,2026-01-10,140,23,7,tienda,0.0
1220,2026-02-06,249,4,10,tienda,0.05
1221,2026-01-04,189,24,6,tienda,0.1
1222,2025-11-30,169,27,6,online,0.15
1223,2026-01-07,161,29,8,tienda,0.0
1224,2025-10-21,178,19,8,tienda,0.2
1225,2026-01-04,117,6,6,tienda,0.0
1226,2025-11-27,196,25,3,tienda,0.0
1227,2025-10-08,127,1,5,online,0.0
1228,2025-12-21,234,17,2,tienda,0.0
1229,2025-10-26,249,8,5,online,0.0
1230,2026-03-16,71,19,9,app,0.25
1231,2025-12-25,86,21,10,tienda,0.05
1232,2025-11-07,247,1,1,online,0.0
1233,2025-11-05,33,5,10,app,0.0
1234,2025-10-10,81,27,5,tienda,0.15
1235,2025-12-13,152,16,6,online,0.2
1236,2026-01-29,61,6,7,tienda,0.0
1237,2026-03-28,61,8,9,online,0.0
1238,2025-11-05,98,13,6,app,0.0
1239,2026-03-30,28,16,5,app,0.0
1240,2026-01-29,186,30,7,app,0.0
1241,2026-01-23,43,3,1,tienda,0.05
1242,2026-03-07,169,19,5,tienda,0.0
1243,2025-10-02,167,12,2,tienda,0.1
1244,2025-10-21,86,16,4,online,0.0
1245,2025-10-05,177,27,7,tienda,0.2
1246,2025-12-05,17,11,5,tienda,0.2
1247,2025-11-25,98,10,6,online,0.1
1248,2025-11-08,198,25,2,online,0.05
1249,2026-02-18,238,20,3,app,0.05
1250,2026-03-05,198,8031,7,app,0.05
1251,2026-02-13,98,12,2,online,0.15
1252,2026-01-17,65,23,6,online,0.05
1253,2025-10-29,74,2,5,online,0.2
1254,2025-12-13,85,24,10,app,0.2
1255,2025-11-30,5,22,1,online,0.05
1256,2025-12-17,2,8086,10,tienda,0.1
1257,2025-11-01,22,25,4,online,0.0
1258,2025-10-13,112,5,2,tienda,0.0
1259,2025-12-01,57,8,4,online,0.05
1260,2026-01-16,66,7,1,tienda,0.0
1261,2026-03-13,74,14,2,online,0.2
1262,2026-03-09,98,24,8,tienda,0.0
1263,2026-01-26,144,23,6,online,0.05
1264,2025-10-17,112,3,2,tienda,0.1
1265,2025-10-29,179,18,6,app,0.1
1266,2026-02-05,125,16,10,online,0.05
1267,2026-03-02,167,23,9,app,0.2
1268,2026-02-15,86,19,7,tienda,0.1
1269,2025-10-05,76,19,9,online,0.05
1270,2026-03-11,88,8034,5,online,0.0
1271,2026-02-09,239,20,7,online,0.05
1272,2026-02-25,168,16,7,tienda,0.15
1273,2025-12-01,38,8,3,tienda,0.1
1274,2025-11-06,188,28,7,online,0.15
1275,2025-12-14,59,1,1,tienda,0.05
1276,2026-01-18,138,8061,9,app,0.0
1277,2025-10-01,99,12,10,app,0.0
1278,2026-03-07,192,30,6,tienda,0.05
1279,2025-12-30,243,21,5,app,0.1
1280,2025-12-01,63,11,7,tienda,0.15
1281,2026-02-24,49,5,5,online,0.0
1282,2026-01-15,192,27,10,app,0.05
1283,2025-11-17,32,12,5,tienda,0.05
1284,20/03/2026,135,17,10,tienda,0.05
1285,2026-03-21,21,6,7,tienda,0.0
1286,2025-10-22,20,1,10,app,0.0
1287,2026-02-12,154,5,7,app,0.0
1288,2026-01-01,127,25,3,online,0.0
1289,2025-10-18,68,8048,3,online,0.0
1290,2026-02-12,110,14,10,tienda,0.0
1291,2026-02-17,116,5,3,tienda,0.1
1292,2026-02-07,214,22,6,online,0.05
1293,2026-02-07,143,24,6,tienda,0.25
1294,2026-02-19,120,27,3,tienda,0.0
1295,2025-10-06,232,1,3,online,0.05
1296,2026-01-08,213,30,8,online,0.05
1297,2026-01-29,79,18,8,online,0.0
1298,2025-10-12,214,16,7,app,0.15
1299,2026-03-12,116,9,10,online,0.0
1300,2026-01-08,9082,19,4,online,0.2
1301,2026-01-04,14,22,4,tienda,0.2
1302,2025-12-04,155,5,3,online,0.1
1303,2025-10-05,125,27,5,online,0.1
1304,2025-12-31,233,2,3,online,0.1
1305,2025-10-18,168,30,8,tienda,0.05
1306,2025-12-28,58,15,7,tienda,0.1
1307,2025-12-01,28,7,3,online,0.0
1308,2026-03-18,26,4,9,online,0.0
1309,2026-03-10,113,1,5,app,0.05
1310,2025-10-27,191,13,9,online,0.1
1311,2026-02-26,9025,20,7,online,0.2
1312,2025-12-25,153,22,7,online,0.0
1313,2025-11-04,248,7,6,tienda,0.15
1314,2025-10-12,131,15,2,tienda,0.0
1315,2025-12-30,200,23,9,online,0.05
1316,2026-02-17,44,14,6,tienda,0.05
1317,2025-12-26,97,23,8,online,0.05
1318,2026-03-14,42,19,1,online,0.0
1319,2025-11-14,9082,22,5,tienda,0.1
1320,2026-03-25,227,29,1,online,0.15
1321,2026-01-27,6,24,10,tienda,0.05
1322,2026-03-28,167,20,8,online,0.05
1323,2026-01-31,180,29,8,tienda,0.15
1324,2026-03-11,23,24,1,online,0.15
1325,2025-11-16,89,18,9,app,0.05
1326,2025-11-04,123,10,2,online,0.0
1327,2025-10-17,178,9,9,app,0.2
1328,2026-01-26,171,25,1,online,0.1
1329,2025-10-10,147,8,10,tienda,0.0
1330,2025-12-15,9092,26,9,online,0.0
1331,2025-11-21,51,30,4,app,0.15
1332,2025-10-12,11,29,9,online,0.0
1333,2025-11-21,9044,10,7,online,0.25
1334,2025-10-11,12,17,6,tienda,0.0
1335,2025-12-20,74,2,5,online,0.15
1336,2025-12-19,8,8083,9,online,0.05
1337,2026-02-09,152,26,2,app,0.05
1338,2026-01-10,220,5,2,app,0.2
1339,2026-02-17,41,28,9,online,0.05
1340,2026-01-30,164,30,3,app,0.1
1341,2025-12-04,229,9,8,tienda,0.0
1342,2025-10-10,85,5,9,online,0.0
1343,2026-03-15,72,18,8,tienda,0.0
1344,2025-11-18,55,26,4,tienda,0.1
1345,2025-12-13,137,20,1,app,0.0
1346,2025-12-31,47,9,4,online,0.0
1347,2025-10-13,9046,17,9,tienda,0.05
1348,2026-03-17,176,27,2,online,0.1
1349,2025-12-24,238,17,3,online,0.15
1350,2025-12-09,104,8091,10,online,0.0
1351,2025-11-01,210,7,8,app,0.0
1352,2026-01-03,42,27,6,app,0.2
1353,2026-01-20,60,3,8,tienda,0.0
1354,2026-01-11,212,10,7,tienda,0.2
1355,2026-01-21,198,2,5,online,0.2
1356,2026-01-07,12,25,9,online,0.15
1357,2025-12-26,130,3,4,online,0.0
1358,2025-11-17,7,16,6,online,0.15
1359,2026-02-05,80,2,2,tienda,0.15
1360,2026-03-27,131,28,2,tienda,0.1
1361,2026-02-05,109,24,2,online,0.05
1362,2026-01-03,3,10,10,online,0.0
1363,2026-02-10,27,6,7,online,0.0
1364,2025-12-08,114,22,2,online,0.1
1365,2025-10-22,107,26,2,app,0.1
1366,2026-01-17,40,11,9,tienda,0.05
1367,2025-10-21,230,23,7,app,0.05
1368,2026-01-19,161,7,3,tienda,0.05
1369,2026-03-04,9005,27,3,online,0.1
1370,2025-11-16,129,29,7,online,0.2
1371,2026-02-17,247,15,5,app,0.0
1372,2025-12-15,8,6,10,tienda,0.05
1373,2025-12-22,101,20,6,online,0.0
1374,2025-10-27,160,27,8,tienda,0.1
1375,2025-10-21,124,9,9,tienda,0.15
1376,2025-12-23,176,22,1,tienda,0.2
1377,2026-03-19,107,20,3,app,0.0
1378,2025-12-15,101,12,7,tienda,0.25
1379,2025-12-18,4,19,6,tienda,0.0
1380,2026-01-23,222,20,7,online,0.1
1381,2026-03-04,198,3,8,online,0.0
1382,2026-01-18,110,15,6,online,0.2
1383,2025-11-12,246,2,3,online,0.1
1384,2026-03-26,19,30,2,tienda,0.1
1385,2026-01-22,32,8041,7,tienda,0.35
1386,2025-12-29,137,2,1,online,0.0
1387,2026-01-23,12,22,3,app,0.0
1388,2025-10-11,139,3,4,online,0.2
1389,2025-12-30,46,6,1,online,0.05
1390,2026-03-07,119,15,5,online,0.0
1391,2026-01-20,16,27,10,online,0.05
1392,2025-12-10,129,10,3,online,0.1
1393,2026-03-13,63,9,2,tienda,0.0
1394,2025-10-15,109,1,3,online,0.0
1395,2025-10-20,119,16,8,app,0.0
1396,2026-03-21,245,6,6,online,0.05
1397,2026-03-13,21,9,7,online,0.2
1398,2026-01-12,158,27,6,online,0.25
1399,2026-01-02,13,4,6,tienda,0.1
1400,2026-02-09,162,27,3,online,0.0
1401,2026-03-23,4,28,8,app,0.2
1402,2025-11-10,156,2,7,tienda,0.1
1403,2025-10-08,102,29,7,tienda,0.0
1404,2025-11-06,250,4,6,tienda,0.2
1405,2026-03-05,223,1,5,online,0.15
1406,2026-03-23,59,8017,10,online,0.15
1407,2026-01-21,247,26,8,online,0.15
1408,2025-10-09,128,25,5,tienda,0.0
1409,2025-11-02,27,10,9,online,0.0
1410,2025-10-18,69,21,9,online,0.1
1411,2025-11-30,25,15,1,app,0.0
1412,15/03/2026,131,27,6,online,0.05
1413,2026-01-02,9096,22,7,app,0.15
1414,2026-01-01,196,19,3,tienda,0.15
1415,2026-01-07,25,16,7,online,0.05
1416,2026-02-23,148,21,7,online,0.15
1417,2025-10-09,162,27,2,online,0.15
1418,2026-03-04,154,24,7,tienda,0.1
1419,2025-11-09,126,22,1,tienda,0.0
1420,2026-03-23,133,4,5,tienda,0.0
1421,2026-01-24,227,2,9,app,-0.05
1422,2026-01-03,189,30,7,tienda,0.0
1423,2026-01-04,220,25,7,online,0.0
1424,2026-01-22,221,13,2,online,0.0
1425,2025-10-20,9,28,8,app,0.05
1426,2026-02-24,116,1,3,online,0.2
1427,2025-11-05,230,17,8,online,0.0
1428,2026-02-13,178,13,3,tienda,0.15
1429,2026-01-02,134,4,10,online,0.1
1430,2026-01-10,211,7,7,app,0.0
1431,2025-12-20,60,17,2,tienda,0.2
1432,2026-03-16,172,9,4,online,0.1
1433,2025-12-11,121,4,6,app,0.05
1434,2025-12-03,139,19,9,online,0.15
1435,2025-10-30,194,1,5,online,0.0
1436,2025-10-07,175,10,9,online,0.1
1437,2025-11-17,108,4,5,online,0.0
1438,2026-02-05,108,9,10,tienda,0.15
1439,2026-02-10,201,13,8,online,0.05
1440,2026-01-08,213,14,1,online,0.1
1441,2026-02-21,216,10,7,online,0.0
1442,2025-10-31,226,6,4,tienda,0.1
1443,2025-12-07,214,16,5,app,0.15
1444,2025-12-06,9085,6,6,online,0.05
1445,2026-03-30,76,17,5,online,0.1
1446,2026-01-23,220,10,1,online,0.05
1447,2025-11-24,30,18,9,online,0.2
1448,2026-03-06,218,27,2,tienda,0.05
1449,2025-12-13,240,22,9,tienda,0.15
1450,2026-03-27,21,18,10,online,0.15
1451,2026-02-03,156,3,2,online,0.05
1452,2025-11-21,248,20,9,online,0.0
1453,2025-11-01,218,27,6,tienda,0.05
1454,2025-11-04,190,21,9,online,0.15
1455,2025-10-19,161,25,6,app,0.0
1456,2026-01-24,9034,28,6,tienda,0.1
1457,2025-11-14,163,15,2,online,0.15
1458,2026-01-22,180,15,8,tienda,0.05
1459,2025-10-23,34,4,3,app,0.1
1460,2026-03-24,41,29,7,tienda,0.0
1461,2025-12-21,51,27,5,online,0.0
1462,2026-03-20,175,9,3,online,0.15
1463,2025-12-28,82,27,1,app,0.0
1464,2026-03-31,58,26,8,tienda,0.0
1465,2025-10-17,75,19,3,tienda,0.2
1466,2026-02-18,185,24,2,app,0.05
1467,2026-02-16,23,28,1,app,0.25
1468,2025-12-14,176,17,4,app,0.25
1469,2025-12-16,9029,11,8,online,0.0
1470,2025-11-10,150,25,3,tienda,0.0
1471,2026-03-31,17,9,1,tienda,0.15
1472,2026-03-29,69,10,4,tienda,0.05
1473,2026-03-13,108,18,9,tienda,0.0
1474,2025-11-14,139,20,1,online,0.15
1475,2026-01-01,94,13,2,tienda,0.0
1476,2026-02-08,15,8,9,tienda,0.2
1477,2025-11-27,9047,7,2,online,0.0
1478,2025-11-01,163,17,3,tienda,0.0
1479,2025-11-21,33,21,7,online,0.0
1480,2025-11-05,212,23,3,online,0.25
1481,2025-11-30,125,15,9,online,0.1
1482,2026-02-04,16,20,6,online,0.15
1483,2025-10-07,162,15,3,tienda,0.05
1484,2026-01-01,66,1,9,tienda,0.05
1485,2026-02-19,227,25,1,tienda,0.0
1486,2026-02-24,168,14,10,app,0.05
1487,2026-01-03,248,5,3,online,0.1
1488,2026-01-28,156,11,1,online,0.1
1489,2026-02-19,47,8054,2,app,0.0
1490,2025-11-03,167,2,8,online,0.2
1491,2026-03-06,198,8,7,app,0.35
1492,2025-10-23,201,11,2,app,0.25
1493,2025-10-17,148,29,2,tienda,0.0
1494,2025-12-19,124,18,9,app,0.05
1495,2026-01-10,1,3,6,online,0.05
1496,2026-01-31,200,30,5,online,0.05
1497,2026-02-12,247,26,10,tienda,0.1
1498,2026-01-14,87,1,6,online,0.05
1499,2026-01-13,128,11,9,app,0.05
1500,2026-02-25,191,16,7,online,0.15
1501,2025-10-19,67,18,10,tienda,0.1
1502,2025-11-02,4,30,10,tienda,0.15
1503,2025-12-21,186,16,9,tienda,0.0
1504,2026-03-14,153,23,4,online,0.1
1505,2025-10-19,47,10,2,online,0.1
1506,2026-01-24,38,18,8,app,0.05
1507,2026-01-28,143,6,4,online,0.05
1508,2026-03-24,191,19,9,app,0.05
1509,2026-02-10,21,4,4,tienda,0.0
1510,2025-12-28,227,27,8,tienda,0.0
1511,2025-11-02,57,13,9,tienda,0.0
1512,2026-02-19,117,24,9,online,0.1
1513,2026-03-13,181,14,10,tienda,0.1
1514,2026-02-28,46,3,4,app,0.25
1515,2025-11-16,244,10,-1,online,0.15
1516,2025-11-03,142,6,3,app,0.0
1517,2026-01-19,228,1,9,tienda,0.2
1518,2026-02-06,204,23,4,online,0.2
1519,2025-10-15,145,24,5,online,0.05
1520,2025-11-01,39,27,7,app,0.1
1521,2026-02-10,137,14,5,online,0.25
1522,2025-11-09,99,8,4,app,0.1
1523,2025-12-17,77,19,2,app,0.2
1524,2025-11-12,207,14,2,online,0.0
1525,2025-11-11,210,10,4,online,0.0
1526,2025-12-22,115,17,10,tienda,0.05
1527,2026-03-31,225,9,10,online,0.1
1528,2025-11-27,134,29,9,tienda,0.15
1529,2025-12-28,219,6,8,online,0.25
1530,2026-02-10,151,11,3,tienda,0.05
1531,2025-12-12,187,25,9,tienda,0.0
1532,2025-10-21,91,7,5,online,0.15
1533,2025-12-04,98,17,3,online,0.1
1534,2025-11-20,120,28,5,online,0.0
1535,2026-03-12,46,28,10,online,0.05
1536,2026-02-19,38,1,4,tienda,0.15
1537,2025-12-10,9078,22,8,app,0.15
1538,2025-11-02,100,5,5,online,0.05
1539,2026-03-10,245,9,10,tienda,0.05
1540,2025-12-17,72,18,8,tienda,0.25
1541,2026-03-07,190,24,9,online,0.1
1542,2026-02-14,35,27,4,online,0.05
1543,2025-10-24,147,21,7,app,0.0
1544,2026-02-06,30,2,2,tienda,0.15
1545,2026-03-14,78,29,6,tienda,0.0
1546,2025-11-13,84,26,8,tienda,0.0
1547,2026-03-01,113,11,7,online,0.1
1548,2026-02-26,25,27,7,tienda,0.0
1549,2025-11-09,168,28,8,tienda,0.1
1550,2025-11-13,88,6,7,tienda,0.0
1551,2026-03-18,14,26,5,online,0.1
1552,2026-03-09,154,8,7,online,0.0
1553,2026-03-04,102,4,10,online,0.0
1554,2025-12-26,215,18,3,app,0.0
1555,2026-02-22,150,28,5,online,0.2
1556,2025-10-11,176,11,7,tienda,0.2
1557,2025-10-08,249,8074,9,online,0.0
1558,2025-10-21,83,15,-2,online,0.15
1559,2025-10-12,110,28,4,tienda,0.1
1560,2026-03-14,179,18,7,tienda,0.25
1561,2026-02-25,131,2,1,tienda,0.05
1562,2025-12-07,170,22,2,online,0.1
1563,2026-03-16,19,11,9,tienda,0.35
1564,2025-11-23,201,8007,10,online,0.05
1565,2026-02-24,28,25,7,online,0.25
1566,2026-01-15,212,13,10,tienda,0.1
1567,2026-03-08,173,4,7,online,0.0
1568,2026-03-13,71,22,6,online,0.0
1569,2025-10-08,206,7,3,tienda,0.15
1570,2026-02-05,63,29,10,tienda,0.1
1571,2026-03-10,73,11,3,app,0.05
1572,2026-02-17,124,22,2,online,0.25
1573,2025-12-14,119,24,6,online,0.0
1574,2026-03-14,121,4,4,online,0.05
1575,2025-12-17,19,28,5,app,0.2
1576,2026-02-01,175,15,3,tienda,-0.05
1577,2025-12-02,244,1,6,tienda,0.0
1578,2026-03-25,142,23,3,online,0.1
1579,2026-01-12,120,3,8,tienda,0.15
1580,2025-12-16,166,14,9,online,0.0
1581,2026-01-25,181,6,4,tienda,0.2
1582,2025-10-19,61,18,9,app,0.15
1583,2026-03-26,164,25,7,app,0.0
1584,2025-10-16,168,1,3,tienda,0.15
1585,2025-11-10,209,6,7,tienda,0.05
1586,2026-01-21,30,6,1,app,0.05
1587,2026-01-15,9,21,3,tienda,0.15
1588,2026-02-01,64,16,6,online,0.25
1589,2026-01-27,161,29,4,tienda,0.0
1590,2025-11-22,120,5,7,online,0.05
1591,2025-12-27,52,17,3,tienda,0.05
1592,2026-03-05,89,10,1,tienda,0.05
1593,2025-11-06,142,28,9,tienda,0.05
1594,2025-12-20,203,21,6,online,0.0
1595,2025-12-21,53,18,8,online,0.1
1596,2025-12-28,227,7,3,tienda,0.05
1597,2026-01-11,233,3,8,app,0.0
1598,2025-11-03,187,13,2,tienda,0.15
1599,2026-01-03,78,15,4,online,0.15
1600,2026-02-09,222,20,3,app,0.05
1601,2026-02-21,41,19,10,app,0.0
1602,2025-10-28,196,3,1,online,0.1
1603,2025-12-21,9065,4,7,online,0.0
1604,2025-12-01,220,5,10,tienda,0.0
1605,2026-01-28,8,1,2,app,0.15
1606,2025-11-01,2,4,4,app,0.0
1607,2025-12-08,105,12,9,app,0.0
1608,2026-01-24,125,28,6,tienda,0.0
1609,2025-12-03,110,27,8,tienda,0.0
1610,2025-11-06,86,24,2,online,0.0
1611,2025-10-25,169,10,7,online,0.25
1612,2025-10-13,120,23,6,tienda,0.0
1613,2025-12-14,127,25,9,tienda,0.0
1614,2026-01-07,183,21,7,tienda,0.0
1615,2026-03-07,16,29,1,tienda,0.2
1616,2026-01-16,221,26,8,online,0.1
1617,2025-12-03,62,20,10,tienda,0.05
1618,2025-11-10,113,24,3,online,0.2
1619,2025-12-23,176,25,2,online,0.05
1620,2026-02-25,158,13,3,tienda,0.05
1621,2025-12-20,12,8083,6,tienda,0.0
1622,2025-11-18,35,14,3,app,0.05
1623,2025-11-10,11,23,10,online,0.05
1624,2026-02-05,64,5,5,tienda,0.1
1625,2026-02-09,238,4,6,online,0.0
1626,2026-01-28,50,14,8,online,0.1
1627,2026-02-05,213,10,7,app,0.0
1628,2025-12-18,149,17,8,tienda,0.0
1629,2026-02-05,69,10,3,app,0.05
1630,2025-10-06,48,26,4,online,0.2
1631,2025-10-24,20,7,6,app,0.05
1632,2026-01-09,101,16,7,online,0.1
1633,2026-02-07,195,1,9,app,0.0
1634,2026-01-26,172,17,1,online,0.0
1635,2025-12-01,161,21,8,online,0.0
1636,2025-11-25,245,29,8,tienda,0.05
1637,2026-02-27,201,9,6,app,0.0
1638,2025-12-30,189,6,4,online,0.0
1639,2025-10-13,137,19,3,online,0.15
1640,2025-10-13,68,13,3,app,0.0
1641,2025-12-12,35,3,6,online,0.1
1642,2026-02-04,209,7,8,online,0.05
1643,2026-03-02,226,22,7,online,0.1
1644,2026-03-17,216,9,1,online,0.1
1645,2026-03-22,224,22,6,app,0.05
1646,2026-01-29,65,5,7,tienda,0.0
1647,2025-12-13,8,10,7,tienda,0.15
1648,2026-02-15,45,23,9,app,0.2
1649,2025-10-03,87,17,10,tienda,0.0
1650,2025-10-28,175,12,5,online,0.0
1651,2026-01-19,168,23,1,online,0.2
1652,2025-11-04,76,16,2,online,0.05
1653,2025-12-07,182,3,4,online,0.1
1654,2026-01-02,76,8052,5,app,0.05
1655,2026-01-12,174,25,9,tienda,0.0
1656,2026-01-02,47,22,1,online,-0.05
1657,2025-10-12,15,9,3,tienda,0.1
1658,2026-01-11,105,29,5,tienda,0.0
1659,2025-10-14,147,15,3,app,0.05
1660,2026-02-23,26,5,4,app,0.15
1661,2026-02-21,52,23,3,tienda,0.1
1662,2025-11-19,93,13,4,tienda,0.0
1663,2026-01-01,150,14,1,tienda,0.1
1664,2026-02-19,232,20,8,tienda,0.15
1665,2025-12-13,21,15,4,online,0.15
1666,2025-10-19,51,16,7,online,0.1
1667,2026-01-07,38,23,2,tienda,0.0
1668,2026-02-07,20,13,2,online,0.15
1669,2026-01-24,249,17,6,online,0.1
1670,2026-02-18,157,23,2,tienda,0.0
1671,2025-12-11,179,8,6,online,0.05
1672,2026-03-09,132,21,2,tienda,0.05
1673,2026-03-24,55,2,4,tienda,0.1
1674,06/03/2026,199,5,7,app,0.0
1675,2025-10-31,92,6,8,tienda,0.1
1676,2025-11-02,28,12,3,online,0.2
1677,2025-10-25,4,18,9,tienda,0.15
1678,2026-01-09,150,30,2,app,0.2
1679,2026-01-04,76,22,8,app,0.25
1680,2025-12-26,173,22,8,online,0.0
1681,2026-02-20,67,1,4,online,0.1
1682,2026-01-02,86,30,1,app,0.05
1683,2025-11-06,236,17,1,online,0.2
1684,2025-11-20,194,30,2,tienda,0.0
1685,2026-03-04,216,11,9,online,0.25
1686,2026-02-08,162,10,2,online,0.1
1687,2026-01-11,91,19,2,online,0.15
1688,2026-02-06,183,14,6,online,0.0
1689,2025-10-11,105,26,7,tienda,0.0
1690,2025-10-12,1,10,7,app,0.15
1691,2025-10-10,72,15,9,online,0.0
1692,2025-11-05,87,28,6,app,0.15
1693,2025-12-25,166,19,8,online,0.0
1694,2026-01-30,6,4,6,tienda,0.1
1695,2026-02-10,214,2,2,online,0.05
1696,2026-01-25,153,9,1,app,0.1
1697,2025-11-08,210,10,5,tienda,0.1
1698,2026-03-05,145,28,9,tienda,0.05
1699,2026-02-09,61,11,8,app,0.0
1700,2025-11-05,12,14,4,tienda,0.0
1701,2025-12-23,6,7,5,app,0.1
1702,2026-03-06,218,8006,5,tienda,0.1
1703,2025-12-21,27,15,6,app,0.15
1704,2025-11-11,136,22,3,tienda,0.1
1705,2026-01-09,211,19,5,online,0.05
1706,2026-03-07,124,22,2,tienda,0.05
1707,2025-12-16,106,15,10,online,0.0
1708,2026-03-01,193,30,1,tienda,0.05
1709,2025-12-26,185,28,1,tienda,0.25
1710,2026-02-07,93,24,10,tienda,0.2
1711,2026-02-08,109,8,7,online,0.05
1712,2026-02-14,241,11,2,online,0.1
1713,2026-02-03,99,29,4,tienda,0.15
1714,2026-03-31,9009,9,5,app,0.05
1715,2026-02-22,142,15,7,online,0.0
1716,2025-12-16,35,1,2,online,0.0
1717,2026-01-30,176,30,6,tienda,0.1
1718,2025-10-05,237,1,1,tienda,0.25
1719,2026-01-03,84,19,7,online,0.1
1720,2025-12-24,56,3,9,online,0.0
1721,2026-03-22,177,10,5,online,0.0
1722,2025-10-29,141,8,5,app,0.15
1723,2026-01-15,189,15,4,online,0.15
1724,2026-02-27,230,10,3,online,0.1
1725,2025-12-18,49,1,9,online,0.1
1726,2026-03-26,46,29,5,online,0.0
1727,2026-03-11,113,18,8,tienda,0.15
1728,2025-10-07,190,2,9,online,0.15
1729,2026-03-02,136,19,5,online,0.0
1730,2026-01-30,43,13,10,tienda,0.15
1731,2025-12-07,148,22,9,online,0.0
1732,2026-03-17,124,1,2,online,0.0
1733,2026-02-26,97,2,9,app,0.0
1734,2026-02-25,90,29,4,tienda,0.0
1735,2025-11-28,39,16,6,app,0.05
1736,2025-10-14,85,15,6,app,0.05
1737,2026-02-27,9072,13,6,tienda,0.1
1738,2026-01-31,177,16,2,online,0.05
1739,2025-11-13,192,17,7,tienda,0.0
1740,2026-02-12,62,21,6,app,0.0
1741,2026-03-11,106,29,1,tienda,0.1
1742,2026-03-08,9022,29,2,tienda,0.05
1743,2026-01-06,54,7,7,online,0.0
1744,2025-11-07,126,24,1,app,0.2
1745,2026-03-24,233,26,1,tienda,0.15
1746,2025-12-02,9,17,1,app,0.2
1747,2025-10-09,88,7,8,online,0.05
1748,2026-02-24,37,13,4,online,0.0
1749,2026-03-29,49,8076,4,online,0.1
1750,2025-10-29,41,26,2,tienda,0.0
1751,2025-11-18,17,17,1,online,0.05
1752,2025-10-05,88,3,10,online,0.0
1753,2026-01-21,21,7,9,app,0.15
1754,2025-12-20,51,26,7,online,0.0
1755,2026-01-16,9085,17,4,app,0.2
1756,2025-11-08,167,7,6,online,0.2
1757,2026-01-14,183,21,2,app,0.05
1758,2026-03-26,41,1,7,tienda,0.15
1759,2025-11-22,39,17,2,app,0.1
1760,2026-01-14,141,30,10,app,0.15
1761,2026-02-06,192,17,8,online,0.05
1762,2026-03-06,11,11,8,online,0.15
1763,2026-01-29,238,25,1,online,0.05
1764,2025-10-16,147,27,8,tienda,0.2
1765,2026-03-30,139,29,2,app,0.05
1766,2025-11-05,77,3,6,tienda,0.05
1767,2026-02-10,127,15,1,tienda,0.15
1768,2025-11-23,46,29,5,online,0.15
1769,2026-02-21,45,21,7,app,0.1
1770,2025-12-23,1,11,10,app,0.0
1771,2026-03-19,168,26,1,online,0.05
1772,2026-01-31,108,28,2,tienda,0.25
1773,2026-02-12,19,16,7,online,0.15
1774,2026-01-05,76,25,6,tienda,0.15
1775,2025-12-20,72,22,3,tienda,0.0
1776,2025-11-14,200,28,10,online,0.05
1777,2026-01-26,189,9,2,online,0.1
1778,2026-02-14,245,24,10,online,0.15
1779,2025-12-27,109,24,4,tienda,0.0
1780,2026-02-17,12,1,3,tienda,0.2
1781,2025-12-30,189,29,7,online,0.1
1782,2026-03-23,240,25,8,tienda,0.0
1783,2026-03-24,161,22,2,tienda,0.05
1784,2026-03-14,45,16,10,online,0.0
1785,2026-03-27,90,9,7,online,0.1
1786,2025-12-07,103,19,8,tienda,0.0
1787,2026-03-06,220,12,6,app,0.0
1788,2026-02-01,250,19,6,online,0.15
1789,2025-11-19,197,22,10,online,0.0
1790,2025-12-03,8,9,1,online,0.0
1791,2025-12-11,153,7,4,tienda,0.05
1792,2026-02-20,91,14,1,online,0.1
1793,2025-12-16,174,29,4,online,0.15
1794,2025-11-27,87,19,2,tienda,0.05
1795,2025-12-16,158,19,5,tienda,0.15
1796,2025-12-13,237,2,10,online,0.1
1797,2026-03-30,175,9,9,online,0.0
1798,2025-11-23,215,13,10,tienda,0.0
1799,2026-03-26,177,15,3,online,0.05
1800,2026-03-30,175,3,8,online,0.05
